2025-11-30_10-10-21,0,draft.py:2025-11-30_10-10-21
2025-11-30_10-29-15,0,draft.py:2025-11-30_10-29-15
2025-11-30_10-29-17,0,draft.py:2025-11-30_10-29-15
2025-11-30_10-29-28,0,draft.py:2025-11-30_10-29-15
2025-11-30_10-32-49,0,draft.py:2025-11-30_10-32-49
2025-11-30_10-38-42,0,draft.py:2025-11-30_10-38-42
2025-11-30_10-53-58,0,draft.py:2025-11-30_10-38-42
2025-11-30_11-03-30,0,draft.py:2025-11-30_10-38-42
2025-11-30_11-18-06,0,draft.py:2025-11-30_10-38-42
2025-11-30_11-29-24,0,draft.py:2025-11-30_10-38-42
2025-11-30_11-37-49,0,draft.py:2025-11-30_10-38-42
2025-11-30_11-37-50,0,draft.py:2025-11-30_10-38-42
2025-11-30_11-37-51,0,draft.py:2025-11-30_10-38-42
2025-11-30_11-37-51,0,draft.py:2025-11-30_10-38-42
